{"RuleData": [{"Part2": "STICK", "Part1": "STICK", "Conn1": 8, "Conn2": 8}, {"Part2": "STICK", "Part1": "STICK", "Conn1": 8, "Conn2": 9}, {"Part2": "BRANCH", "Part1": "STICK", "Conn1": 8, "Conn2": 14}, {"Part2": "BRANCH", "Part1": "STICK", "Conn1": 8, "Conn2": 15}, {"Part2": "BRANCH", "Part1": "STICK", "Conn1": 8, "Conn2": 16}, {"Part2": "BRANCH", "Part1": "STICK", "Conn1": 8, "Conn2": 17}, {"Part2": "STICK", "Part1": "STICK", "Conn1": 9, "Conn2": 8}, {"Part2": "STICK", "Part1": "STICK", "Conn1": 9, "Conn2": 9}, {"Part2": "BRANCH", "Part1": "STICK", "Conn1": 9, "Conn2": 14}, {"Part2": "BRANCH", "Part1": "STICK", "Conn1": 9, "Conn2": 15}, {"Part2": "BRANCH", "Part1": "STICK", "Conn1": 9, "Conn2": 16}, {"Part2": "BRANCH", "Part1": "STICK", "Conn1": 9, "Conn2": 17}, {"Part2": "STICK", "Part1": "BRANCH", "Conn1": 14, "Conn2": 8}, {"Part2": "STICK", "Part1": "BRANCH", "Conn1": 14, "Conn2": 9}, {"Part2": "BRANCH", "Part1": "BRANCH", "Conn1": 14, "Conn2": 14}, {"Part2": "BRANCH", "Part1": "BRANCH", "Conn1": 14, "Conn2": 15}, {"Part2": "BRANCH", "Part1": "BRANCH", "Conn1": 14, "Conn2": 16}, {"Part2": "BRANCH", "Part1": "BRANCH", "Conn1": 14, "Conn2": 17}, {"Part2": "STICK", "Part1": "BRANCH", "Conn1": 15, "Conn2": 8}, {"Part2": "STICK", "Part1": "BRANCH", "Conn1": 15, "Conn2": 9}, {"Part2": "BRANCH", "Part1": "BRANCH", "Conn1": 15, "Conn2": 14}, {"Part2": "BRANCH", "Part1": "BRANCH", "Conn1": 15, "Conn2": 15}, {"Part2": "BRANCH", "Part1": "BRANCH", "Conn1": 15, "Conn2": 16}, {"Part2": "BRANCH", "Part1": "BRANCH", "Conn1": 15, "Conn2": 17}, {"Part2": "STICK", "Part1": "BRANCH", "Conn1": 16, "Conn2": 8}, {"Part2": "STICK", "Part1": "BRANCH", "Conn1": 16, "Conn2": 9}, {"Part2": "BRANCH", "Part1": "BRANCH", "Conn1": 16, "Conn2": 14}, {"Part2": "BRANCH", "Part1": "BRANCH", "Conn1": 16, "Conn2": 15}, {"Part2": "BRANCH", "Part1": "BRANCH", "Conn1": 16, "Conn2": 16}, {"Part2": "BRANCH", "Part1": "BRANCH", "Conn1": 16, "Conn2": 17}, {"Part2": "STICK", "Part1": "BRANCH", "Conn1": 17, "Conn2": 8}, {"Part2": "STICK", "Part1": "BRANCH", "Conn1": 17, "Conn2": 9}, {"Part2": "BRANCH", "Part1": "BRANCH", "Conn1": 17, "Conn2": 14}, {"Part2": "BRANCH", "Part1": "BRANCH", "Conn1": 17, "Conn2": 15}, {"Part2": "BRANCH", "Part1": "BRANCH", "Conn1": 17, "Conn2": 16}, {"Part2": "BRANCH", "Part1": "BRANCH", "Conn1": 17, "Conn2": 17}, {"Part2": "STICK", "Part1": "STICK", "Conn1": 0, "Conn2": 0}, {"Part2": "STICK", "Part1": "STICK", "Conn1": 0, "Conn2": 1}, {"Part2": "STICK", "Part1": "STICK", "Conn1": 0, "Conn2": 2}, {"Part2": "STICK", "Part1": "STICK", "Conn1": 0, "Conn2": 3}, {"Part2": "STICK", "Part1": "STICK", "Conn1": 0, "Conn2": 4}, {"Part2": "STICK", "Part1": "STICK", "Conn1": 0, "Conn2": 5}, {"Part2": "STICK", "Part1": "STICK", "Conn1": 0, "Conn2": 6}, {"Part2": "STICK", "Part1": "STICK", "Conn1": 0, "Conn2": 7}, {"Part2": "STICK", "Part1": "STICK", "Conn1": 1, "Conn2": 0}, {"Part2": "STICK", "Part1": "STICK", "Conn1": 1, "Conn2": 1}, {"Part2": "STICK", "Part1": "STICK", "Conn1": 1, "Conn2": 2}, {"Part2": "STICK", "Part1": "STICK", "Conn1": 1, "Conn2": 3}, {"Part2": "STICK", "Part1": "STICK", "Conn1": 1, "Conn2": 4}, {"Part2": "STICK", "Part1": "STICK", "Conn1": 1, "Conn2": 5}, {"Part2": "STICK", "Part1": "STICK", "Conn1": 1, "Conn2": 6}, {"Part2": "STICK", "Part1": "STICK", "Conn1": 1, "Conn2": 7}, {"Part2": "STICK", "Part1": "STICK", "Conn1": 2, "Conn2": 0}, {"Part2": "STICK", "Part1": "STICK", "Conn1": 2, "Conn2": 1}, {"Part2": "STICK", "Part1": "STICK", "Conn1": 2, "Conn2": 2}, {"Part2": "STICK", "Part1": "STICK", "Conn1": 2, "Conn2": 3}, {"Part2": "STICK", "Part1": "STICK", "Conn1": 2, "Conn2": 4}, {"Part2": "STICK", "Part1": "STICK", "Conn1": 2, "Conn2": 5}, {"Part2": "STICK", "Part1": "STICK", "Conn1": 2, "Conn2": 6}, {"Part2": "STICK", "Part1": "STICK", "Conn1": 2, "Conn2": 7}, {"Part2": "STICK", "Part1": "STICK", "Conn1": 3, "Conn2": 0}, {"Part2": "STICK", "Part1": "STICK", "Conn1": 3, "Conn2": 1}, {"Part2": "STICK", "Part1": "STICK", "Conn1": 3, "Conn2": 2}, {"Part2": "STICK", "Part1": "STICK", "Conn1": 3, "Conn2": 3}, {"Part2": "STICK", "Part1": "STICK", "Conn1": 3, "Conn2": 4}, {"Part2": "STICK", "Part1": "STICK", "Conn1": 3, "Conn2": 5}, {"Part2": "STICK", "Part1": "STICK", "Conn1": 3, "Conn2": 6}, {"Part2": "STICK", "Part1": "STICK", "Conn1": 3, "Conn2": 7}, {"Part2": "STICK", "Part1": "STICK", "Conn1": 4, "Conn2": 0}, {"Part2": "STICK", "Part1": "STICK", "Conn1": 4, "Conn2": 1}, {"Part2": "STICK", "Part1": "STICK", "Conn1": 4, "Conn2": 2}, {"Part2": "STICK", "Part1": "STICK", "Conn1": 4, "Conn2": 3}, {"Part2": "STICK", "Part1": "STICK", "Conn1": 4, "Conn2": 4}, {"Part2": "STICK", "Part1": "STICK", "Conn1": 4, "Conn2": 5}, {"Part2": "STICK", "Part1": "STICK", "Conn1": 4, "Conn2": 6}, {"Part2": "STICK", "Part1": "STICK", "Conn1": 4, "Conn2": 7}, {"Part2": "STICK", "Part1": "STICK", "Conn1": 5, "Conn2": 0}, {"Part2": "STICK", "Part1": "STICK", "Conn1": 5, "Conn2": 1}, {"Part2": "STICK", "Part1": "STICK", "Conn1": 5, "Conn2": 2}, {"Part2": "STICK", "Part1": "STICK", "Conn1": 5, "Conn2": 3}, {"Part2": "STICK", "Part1": "STICK", "Conn1": 5, "Conn2": 4}, {"Part2": "STICK", "Part1": "STICK", "Conn1": 5, "Conn2": 5}, {"Part2": "STICK", "Part1": "STICK", "Conn1": 5, "Conn2": 6}, {"Part2": "STICK", "Part1": "STICK", "Conn1": 5, "Conn2": 7}, {"Part2": "STICK", "Part1": "STICK", "Conn1": 6, "Conn2": 0}, {"Part2": "STICK", "Part1": "STICK", "Conn1": 6, "Conn2": 1}, {"Part2": "STICK", "Part1": "STICK", "Conn1": 6, "Conn2": 2}, {"Part2": "STICK", "Part1": "STICK", "Conn1": 6, "Conn2": 3}, {"Part2": "STICK", "Part1": "STICK", "Conn1": 6, "Conn2": 4}, {"Part2": "STICK", "Part1": "STICK", "Conn1": 6, "Conn2": 5}, {"Part2": "STICK", "Part1": "STICK", "Conn1": 6, "Conn2": 6}, {"Part2": "STICK", "Part1": "STICK", "Conn1": 6, "Conn2": 7}, {"Part2": "STICK", "Part1": "STICK", "Conn1": 7, "Conn2": 0}, {"Part2": "STICK", "Part1": "STICK", "Conn1": 7, "Conn2": 1}, {"Part2": "STICK", "Part1": "STICK", "Conn1": 7, "Conn2": 2}, {"Part2": "STICK", "Part1": "STICK", "Conn1": 7, "Conn2": 3}, {"Part2": "STICK", "Part1": "STICK", "Conn1": 7, "Conn2": 4}, {"Part2": "STICK", "Part1": "STICK", "Conn1": 7, "Conn2": 5}, {"Part2": "STICK", "Part1": "STICK", "Conn1": 7, "Conn2": 6}, {"Part2": "STICK", "Part1": "STICK", "Conn1": 7, "Conn2": 7}, {"Part2": "BRANCH", "Part1": "STICK", "Conn1": 0, "Conn2": 0}, {"Part2": "BRANCH", "Part1": "STICK", "Conn1": 0, "Conn2": 1}, {"Part2": "BRANCH", "Part1": "STICK", "Conn1": 0, "Conn2": 2}, {"Part2": "BRANCH", "Part1": "STICK", "Conn1": 0, "Conn2": 3}, {"Part2": "BRANCH", "Part1": "STICK", "Conn1": 0, "Conn2": 4}, {"Part2": "BRANCH", "Part1": "STICK", "Conn1": 1, "Conn2": 0}, {"Part2": "BRANCH", "Part1": "STICK", "Conn1": 1, "Conn2": 1}, {"Part2": "BRANCH", "Part1": "STICK", "Conn1": 1, "Conn2": 2}, {"Part2": "BRANCH", "Part1": "STICK", "Conn1": 1, "Conn2": 3}, {"Part2": "BRANCH", "Part1": "STICK", "Conn1": 1, "Conn2": 4}, {"Part2": "BRANCH", "Part1": "STICK", "Conn1": 2, "Conn2": 0}, {"Part2": "BRANCH", "Part1": "STICK", "Conn1": 2, "Conn2": 1}, {"Part2": "BRANCH", "Part1": "STICK", "Conn1": 2, "Conn2": 2}, {"Part2": "BRANCH", "Part1": "STICK", "Conn1": 2, "Conn2": 3}, {"Part2": "BRANCH", "Part1": "STICK", "Conn1": 2, "Conn2": 4}, {"Part2": "BRANCH", "Part1": "STICK", "Conn1": 3, "Conn2": 0}, {"Part2": "BRANCH", "Part1": "STICK", "Conn1": 3, "Conn2": 1}, {"Part2": "BRANCH", "Part1": "STICK", "Conn1": 3, "Conn2": 2}, {"Part2": "BRANCH", "Part1": "STICK", "Conn1": 3, "Conn2": 3}, {"Part2": "BRANCH", "Part1": "STICK", "Conn1": 3, "Conn2": 4}, {"Part2": "BRANCH", "Part1": "STICK", "Conn1": 4, "Conn2": 0}, {"Part2": "BRANCH", "Part1": "STICK", "Conn1": 4, "Conn2": 1}, {"Part2": "BRANCH", "Part1": "STICK", "Conn1": 4, "Conn2": 2}, {"Part2": "BRANCH", "Part1": "STICK", "Conn1": 4, "Conn2": 3}, {"Part2": "BRANCH", "Part1": "STICK", "Conn1": 4, "Conn2": 4}, {"Part2": "BRANCH", "Part1": "STICK", "Conn1": 5, "Conn2": 0}, {"Part2": "BRANCH", "Part1": "STICK", "Conn1": 5, "Conn2": 1}, {"Part2": "BRANCH", "Part1": "STICK", "Conn1": 5, "Conn2": 2}, {"Part2": "BRANCH", "Part1": "STICK", "Conn1": 5, "Conn2": 3}, {"Part2": "BRANCH", "Part1": "STICK", "Conn1": 5, "Conn2": 4}, {"Part2": "BRANCH", "Part1": "STICK", "Conn1": 6, "Conn2": 0}, {"Part2": "BRANCH", "Part1": "STICK", "Conn1": 6, "Conn2": 1}, {"Part2": "BRANCH", "Part1": "STICK", "Conn1": 6, "Conn2": 2}, {"Part2": "BRANCH", "Part1": "STICK", "Conn1": 6, "Conn2": 3}, {"Part2": "BRANCH", "Part1": "STICK", "Conn1": 6, "Conn2": 4}, {"Part2": "BRANCH", "Part1": "STICK", "Conn1": 7, "Conn2": 0}, {"Part2": "BRANCH", "Part1": "STICK", "Conn1": 7, "Conn2": 1}, {"Part2": "BRANCH", "Part1": "STICK", "Conn1": 7, "Conn2": 2}, {"Part2": "BRANCH", "Part1": "STICK", "Conn1": 7, "Conn2": 3}, {"Part2": "BRANCH", "Part1": "STICK", "Conn1": 7, "Conn2": 4}, {"Part2": "STICK", "Part1": "BRANCH", "Conn1": 0, "Conn2": 0}, {"Part2": "STICK", "Part1": "BRANCH", "Conn1": 0, "Conn2": 1}, {"Part2": "STICK", "Part1": "BRANCH", "Conn1": 0, "Conn2": 2}, {"Part2": "STICK", "Part1": "BRANCH", "Conn1": 0, "Conn2": 3}, {"Part2": "STICK", "Part1": "BRANCH", "Conn1": 0, "Conn2": 4}, {"Part2": "STICK", "Part1": "BRANCH", "Conn1": 0, "Conn2": 5}, {"Part2": "STICK", "Part1": "BRANCH", "Conn1": 0, "Conn2": 6}, {"Part2": "STICK", "Part1": "BRANCH", "Conn1": 0, "Conn2": 7}, {"Part2": "STICK", "Part1": "BRANCH", "Conn1": 1, "Conn2": 0}, {"Part2": "STICK", "Part1": "BRANCH", "Conn1": 1, "Conn2": 1}, {"Part2": "STICK", "Part1": "BRANCH", "Conn1": 1, "Conn2": 2}, {"Part2": "STICK", "Part1": "BRANCH", "Conn1": 1, "Conn2": 3}, {"Part2": "STICK", "Part1": "BRANCH", "Conn1": 1, "Conn2": 4}, {"Part2": "STICK", "Part1": "BRANCH", "Conn1": 1, "Conn2": 5}, {"Part2": "STICK", "Part1": "BRANCH", "Conn1": 1, "Conn2": 6}, {"Part2": "STICK", "Part1": "BRANCH", "Conn1": 1, "Conn2": 7}, {"Part2": "STICK", "Part1": "BRANCH", "Conn1": 2, "Conn2": 0}, {"Part2": "STICK", "Part1": "BRANCH", "Conn1": 2, "Conn2": 1}, {"Part2": "STICK", "Part1": "BRANCH", "Conn1": 2, "Conn2": 2}, {"Part2": "STICK", "Part1": "BRANCH", "Conn1": 2, "Conn2": 3}, {"Part2": "STICK", "Part1": "BRANCH", "Conn1": 2, "Conn2": 4}, {"Part2": "STICK", "Part1": "BRANCH", "Conn1": 2, "Conn2": 5}, {"Part2": "STICK", "Part1": "BRANCH", "Conn1": 2, "Conn2": 6}, {"Part2": "STICK", "Part1": "BRANCH", "Conn1": 2, "Conn2": 7}, {"Part2": "STICK", "Part1": "BRANCH", "Conn1": 3, "Conn2": 0}, {"Part2": "STICK", "Part1": "BRANCH", "Conn1": 3, "Conn2": 1}, {"Part2": "STICK", "Part1": "BRANCH", "Conn1": 3, "Conn2": 2}, {"Part2": "STICK", "Part1": "BRANCH", "Conn1": 3, "Conn2": 3}, {"Part2": "STICK", "Part1": "BRANCH", "Conn1": 3, "Conn2": 4}, {"Part2": "STICK", "Part1": "BRANCH", "Conn1": 3, "Conn2": 5}, {"Part2": "STICK", "Part1": "BRANCH", "Conn1": 3, "Conn2": 6}, {"Part2": "STICK", "Part1": "BRANCH", "Conn1": 3, "Conn2": 7}, {"Part2": "STICK", "Part1": "BRANCH", "Conn1": 4, "Conn2": 0}, {"Part2": "STICK", "Part1": "BRANCH", "Conn1": 4, "Conn2": 1}, {"Part2": "STICK", "Part1": "BRANCH", "Conn1": 4, "Conn2": 2}, {"Part2": "STICK", "Part1": "BRANCH", "Conn1": 4, "Conn2": 3}, {"Part2": "STICK", "Part1": "BRANCH", "Conn1": 4, "Conn2": 4}, {"Part2": "STICK", "Part1": "BRANCH", "Conn1": 4, "Conn2": 5}, {"Part2": "STICK", "Part1": "BRANCH", "Conn1": 4, "Conn2": 6}, {"Part2": "STICK", "Part1": "BRANCH", "Conn1": 4, "Conn2": 7}, {"Part2": "BRANCH", "Part1": "BRANCH", "Conn1": 5, "Conn2": 5}, {"Part2": "BRANCH", "Part1": "BRANCH", "Conn1": 5, "Conn2": 6}, {"Part2": "BRANCH", "Part1": "BRANCH", "Conn1": 5, "Conn2": 7}, {"Part2": "BRANCH", "Part1": "BRANCH", "Conn1": 5, "Conn2": 8}, {"Part2": "BRANCH", "Part1": "BRANCH", "Conn1": 5, "Conn2": 9}, {"Part2": "BRANCH", "Part1": "BRANCH", "Conn1": 5, "Conn2": 10}, {"Part2": "BRANCH", "Part1": "BRANCH", "Conn1": 5, "Conn2": 11}, {"Part2": "BRANCH", "Part1": "BRANCH", "Conn1": 5, "Conn2": 12}, {"Part2": "BRANCH", "Part1": "BRANCH", "Conn1": 5, "Conn2": 13}, {"Part2": "BRANCH", "Part1": "BRANCH", "Conn1": 6, "Conn2": 5}, {"Part2": "BRANCH", "Part1": "BRANCH", "Conn1": 6, "Conn2": 6}, {"Part2": "BRANCH", "Part1": "BRANCH", "Conn1": 6, "Conn2": 7}, {"Part2": "BRANCH", "Part1": "BRANCH", "Conn1": 6, "Conn2": 8}, {"Part2": "BRANCH", "Part1": "BRANCH", "Conn1": 6, "Conn2": 9}, {"Part2": "BRANCH", "Part1": "BRANCH", "Conn1": 6, "Conn2": 10}, {"Part2": "BRANCH", "Part1": "BRANCH", "Conn1": 6, "Conn2": 11}, {"Part2": "BRANCH", "Part1": "BRANCH", "Conn1": 6, "Conn2": 12}, {"Part2": "BRANCH", "Part1": "BRANCH", "Conn1": 6, "Conn2": 13}, {"Part2": "BRANCH", "Part1": "BRANCH", "Conn1": 7, "Conn2": 5}, {"Part2": "BRANCH", "Part1": "BRANCH", "Conn1": 7, "Conn2": 6}, {"Part2": "BRANCH", "Part1": "BRANCH", "Conn1": 7, "Conn2": 7}, {"Part2": "BRANCH", "Part1": "BRANCH", "Conn1": 7, "Conn2": 8}, {"Part2": "BRANCH", "Part1": "BRANCH", "Conn1": 7, "Conn2": 9}, {"Part2": "BRANCH", "Part1": "BRANCH", "Conn1": 7, "Conn2": 10}, {"Part2": "BRANCH", "Part1": "BRANCH", "Conn1": 7, "Conn2": 11}, {"Part2": "BRANCH", "Part1": "BRANCH", "Conn1": 7, "Conn2": 12}, {"Part2": "BRANCH", "Part1": "BRANCH", "Conn1": 7, "Conn2": 13}, {"Part2": "BRANCH", "Part1": "BRANCH", "Conn1": 8, "Conn2": 5}, {"Part2": "BRANCH", "Part1": "BRANCH", "Conn1": 8, "Conn2": 6}, {"Part2": "BRANCH", "Part1": "BRANCH", "Conn1": 8, "Conn2": 7}, {"Part2": "BRANCH", "Part1": "BRANCH", "Conn1": 8, "Conn2": 8}, {"Part2": "BRANCH", "Part1": "BRANCH", "Conn1": 8, "Conn2": 9}, {"Part2": "BRANCH", "Part1": "BRANCH", "Conn1": 8, "Conn2": 10}, {"Part2": "BRANCH", "Part1": "BRANCH", "Conn1": 8, "Conn2": 11}, {"Part2": "BRANCH", "Part1": "BRANCH", "Conn1": 8, "Conn2": 12}, {"Part2": "BRANCH", "Part1": "BRANCH", "Conn1": 8, "Conn2": 13}, {"Part2": "BRANCH", "Part1": "BRANCH", "Conn1": 9, "Conn2": 5}, {"Part2": "BRANCH", "Part1": "BRANCH", "Conn1": 9, "Conn2": 6}, {"Part2": "BRANCH", "Part1": "BRANCH", "Conn1": 9, "Conn2": 7}, {"Part2": "BRANCH", "Part1": "BRANCH", "Conn1": 9, "Conn2": 8}, {"Part2": "BRANCH", "Part1": "BRANCH", "Conn1": 9, "Conn2": 9}, {"Part2": "BRANCH", "Part1": "BRANCH", "Conn1": 9, "Conn2": 10}, {"Part2": "BRANCH", "Part1": "BRANCH", "Conn1": 9, "Conn2": 11}, {"Part2": "BRANCH", "Part1": "BRANCH", "Conn1": 9, "Conn2": 12}, {"Part2": "BRANCH", "Part1": "BRANCH", "Conn1": 9, "Conn2": 13}, {"Part2": "BRANCH", "Part1": "BRANCH", "Conn1": 10, "Conn2": 5}, {"Part2": "BRANCH", "Part1": "BRANCH", "Conn1": 10, "Conn2": 6}, {"Part2": "BRANCH", "Part1": "BRANCH", "Conn1": 10, "Conn2": 7}, {"Part2": "BRANCH", "Part1": "BRANCH", "Conn1": 10, "Conn2": 8}, {"Part2": "BRANCH", "Part1": "BRANCH", "Conn1": 10, "Conn2": 9}, {"Part2": "BRANCH", "Part1": "BRANCH", "Conn1": 10, "Conn2": 10}, {"Part2": "BRANCH", "Part1": "BRANCH", "Conn1": 10, "Conn2": 11}, {"Part2": "BRANCH", "Part1": "BRANCH", "Conn1": 10, "Conn2": 12}, {"Part2": "BRANCH", "Part1": "BRANCH", "Conn1": 10, "Conn2": 13}, {"Part2": "BRANCH", "Part1": "BRANCH", "Conn1": 11, "Conn2": 5}, {"Part2": "BRANCH", "Part1": "BRANCH", "Conn1": 11, "Conn2": 6}, {"Part2": "BRANCH", "Part1": "BRANCH", "Conn1": 11, "Conn2": 7}, {"Part2": "BRANCH", "Part1": "BRANCH", "Conn1": 11, "Conn2": 8}, {"Part2": "BRANCH", "Part1": "BRANCH", "Conn1": 11, "Conn2": 9}, {"Part2": "BRANCH", "Part1": "BRANCH", "Conn1": 11, "Conn2": 10}, {"Part2": "BRANCH", "Part1": "BRANCH", "Conn1": 11, "Conn2": 11}, {"Part2": "BRANCH", "Part1": "BRANCH", "Conn1": 11, "Conn2": 12}, {"Part2": "BRANCH", "Part1": "BRANCH", "Conn1": 11, "Conn2": 13}, {"Part2": "BRANCH", "Part1": "BRANCH", "Conn1": 12, "Conn2": 5}, {"Part2": "BRANCH", "Part1": "BRANCH", "Conn1": 12, "Conn2": 6}, {"Part2": "BRANCH", "Part1": "BRANCH", "Conn1": 12, "Conn2": 7}, {"Part2": "BRANCH", "Part1": "BRANCH", "Conn1": 12, "Conn2": 8}, {"Part2": "BRANCH", "Part1": "BRANCH", "Conn1": 12, "Conn2": 9}, {"Part2": "BRANCH", "Part1": "BRANCH", "Conn1": 12, "Conn2": 10}, {"Part2": "BRANCH", "Part1": "BRANCH", "Conn1": 12, "Conn2": 11}, {"Part2": "BRANCH", "Part1": "BRANCH", "Conn1": 12, "Conn2": 12}, {"Part2": "BRANCH", "Part1": "BRANCH", "Conn1": 12, "Conn2": 13}, {"Part2": "BRANCH", "Part1": "BRANCH", "Conn1": 13, "Conn2": 5}, {"Part2": "BRANCH", "Part1": "BRANCH", "Conn1": 13, "Conn2": 6}, {"Part2": "BRANCH", "Part1": "BRANCH", "Conn1": 13, "Conn2": 7}, {"Part2": "BRANCH", "Part1": "BRANCH", "Conn1": 13, "Conn2": 8}, {"Part2": "BRANCH", "Part1": "BRANCH", "Conn1": 13, "Conn2": 9}, {"Part2": "BRANCH", "Part1": "BRANCH", "Conn1": 13, "Conn2": 10}, {"Part2": "BRANCH", "Part1": "BRANCH", "Conn1": 13, "Conn2": 11}, {"Part2": "BRANCH", "Part1": "BRANCH", "Conn1": 13, "Conn2": 12}, {"Part2": "BRANCH", "Part1": "BRANCH", "Conn1": 13, "Conn2": 13}], "RuleGroupsData": [{"rule_grammar": ["SIDE>SIDE", "SIDE>LONGSIDE", "LONGSIDE>SIDE", "SHORTSIDE>SHORTSIDE"], "name": "SIDES"}, {"rule_grammar": ["END>END"], "name": "ENDS"}], "PartData": [{"Connections": [{"ConType": "SIDE", "PlaneYVecY": -1.8369095307335659e-16, "PlaneXVecY": -1.0, "PlaneXVecX": -1.8369095307335696e-16, "ConID": 0, "PlaneXVecZ": 5.2041704279304193e-16, "PlaneOriginZ": 0.043301271530209837, "PlaneYVecX": 1.0, "PlaneOriginX": 4.1723251242853365e-09, "PlaneOriginY": -0.049999993684130911, "Part": "STICK", "PlaneYVecZ": 6.9388939039072313e-16}, {"ConType": "SIDE", "PlaneYVecY": -1.8369095307335659e-16, "PlaneXVecY": -1.0, "PlaneXVecX": -1.8369095307335696e-16, "ConID": 1, "PlaneXVecZ": 5.2041704279304193e-16, "PlaneOriginZ": 0.043301271530209746, "PlaneYVecX": 1.0, "PlaneOriginX": 4.1723251242853365e-09, "PlaneOriginY": 0.050000006315869094, "Part": "STICK", "PlaneYVecZ": 6.9388939039072313e-16}, {"ConType": "SIDE", "PlaneYVecY": 6.1230317691118863e-17, "PlaneXVecY": 1.0, "PlaneXVecX": 6.123031769111922e-17, "ConID": 2, "PlaneXVecZ": -5.2041704279304203e-16, "PlaneOriginZ": 0.043301271530209746, "PlaneYVecX": -1.0, "PlaneOriginX": 4.1723251242853365e-09, "PlaneOriginY": 0.10000000631586914, "Part": "STICK", "PlaneYVecZ": -6.9388939039072323e-16}, {"ConType": "SIDE", "PlaneYVecY": 1.071869372773482e-15, "PlaneXVecY": 1.0, "PlaneXVecX": -3.1058749657616696e-16, "ConID": 3, "PlaneXVecZ": -1.0583703670585882e-15, "PlaneOriginZ": -0.021650633753623, "PlaneYVecX": 0.49999999999999978, "PlaneOriginX": 0.037500004172325158, "PlaneOriginY": -0.14999999368413094, "Part": "STICK", "PlaneYVecZ": 0.86602540378443893}, {"ConType": "SIDE", "PlaneYVecY": 1.071869372773482e-15, "PlaneXVecY": 1.0, "PlaneXVecX": -3.1058749657616696e-16, "ConID": 4, "PlaneXVecZ": -1.0583703670585882e-15, "PlaneOriginZ": -0.021650633753623194, "PlaneYVecX": 0.49999999999999978, "PlaneOriginX": 0.037500004172325158, "PlaneOriginY": 0.15000000631586907, "Part": "STICK", "PlaneYVecZ": 0.86602540378443893}, {"ConType": "SIDE", "PlaneYVecY": 1.0489927069340377e-15, "PlaneXVecY": -1.0, "PlaneXVecX": -2.9914916365644508e-16, "ConID": 5, "PlaneXVecZ": 1.0385585932877418e-15, "PlaneOriginZ": -0.021650633753623111, "PlaneYVecX": -0.50000000000000022, "PlaneOriginX": -0.037499995827674854, "PlaneOriginY": -0.099999993684130969, "Part": "STICK", "PlaneYVecZ": 0.86602540378443849}, {"ConType": "SIDE", "PlaneYVecY": 1.608142872339124e-16, "PlaneXVecY": -1.0, "PlaneXVecX": 1.4494004619361768e-16, "ConID": 6, "PlaneXVecZ": 2.693735187343163e-16, "PlaneOriginZ": -0.021650633753623139, "PlaneYVecX": -0.50000000000000022, "PlaneOriginX": -0.037499995827674854, "PlaneOriginY": 6.3158690499776071e-09, "Part": "STICK", "PlaneYVecZ": 0.86602540378443849}, {"ConType": "SIDE", "PlaneYVecY": 1.8369095307335656e-16, "PlaneXVecY": 1.0, "PlaneXVecX": -3.0780320010514501e-16, "ConID": 7, "PlaneXVecZ": 3.4397781971068918e-17, "PlaneOriginZ": -0.02165063375362325, "PlaneYVecX": 0.50000000000000011, "PlaneOriginX": -0.037499995827674854, "PlaneOriginY": 0.15000000631586907, "Part": "STICK", "PlaneYVecZ": -0.86602540378443849}, {"ConType": "END", "PlaneYVecY": 6.1181377655213894e-32, "PlaneXVecY": 4.9960036108132044e-16, "PlaneXVecX": 1.2246063538223773e-16, "ConID": 8, "PlaneXVecZ": 1.0, "PlaneOriginZ": 1.340987959563833e-09, "PlaneYVecX": -1.0, "PlaneOriginX": 4.1723251520409121e-09, "PlaneOriginY": -0.19999999368413093, "Part": "STICK", "PlaneYVecZ": 1.2246063538223773e-16}, {"ConType": "END", "PlaneYVecY": 0.0, "PlaneXVecY": 4.9960036108132044e-16, "PlaneXVecX": 0.0, "ConID": 9, "PlaneXVecZ": 1.0, "PlaneOriginZ": 1.3409877652748037e-09, "PlaneYVecX": 1.0, "PlaneOriginX": 4.1723251520409121e-09, "PlaneOriginY": 0.20000000631586912, "Part": "STICK", "PlaneYVecZ": 0.0}], "Name": "STICK", "Probability": 0.29999999999999999, "Collider": "\no Col_STICK_0\nv 0.05 -0.2 1.62981e-09\nv 0.05 5.58794e-09 1.62981e-09\nv 0.05 0.2 1.62981e-09\nv 0.025 -0.2 -0.0433013\nv 0.025 0.2 -0.0433013\nv 0.025 -0.0666667 -0.0433013\nv 0.025 0.0666667 -0.0433013\nv 0.05 0.1 1.62981e-09\nv 0.05 -0.1 1.62981e-09\nv 0.025 -0.2 -0.0433013\nv 0.025 0.2 -0.0433013\nv -0.025 -0.2 -0.0433013\nv -0.025 5.58794e-09 -0.0433013\nv -0.025 0.2 -0.0433013\nv 0.025 0.0666667 -0.0433013\nv 0.025 -0.0666667 -0.0433013\nv -0.025 -0.1 -0.0433013\nv -0.025 0.1 -0.0433013\nv -0.025 -0.2 -0.0433013\nv -0.025 0.2 -0.0433013\nv -0.05 -0.2 1.62981e-09\nv -0.05 0.2 1.62981e-09\nv -0.025 0.1 -0.0433013\nv -0.025 5.58794e-09 -0.0433013\nv -0.025 -0.1 -0.0433013\nv -0.05 -0.1 1.62981e-09\nv -0.05 5.58794e-09 1.62981e-09\nv -0.05 0.1 1.62981e-09\nv -0.05 -0.2 1.62981e-09\nv -0.05 5.58794e-09 1.62981e-09\nv -0.05 0.2 1.62981e-09\nv -0.025 -0.2 0.0433013\nv -0.025 0.2 0.0433013\nv -0.05 0.1 1.62981e-09\nv -0.05 -0.1 1.62981e-09\nv -0.025 -0.0666667 0.0433013\nv -0.025 0.0666667 0.0433013\nv -0.025 -0.2 0.0433013\nv -0.025 0.2 0.0433013\nv 0.025 -0.2 0.0433013\nv 0.025 5.58794e-09 0.0433013\nv 0.025 0.2 0.0433013\nv -0.025 0.0666667 0.0433013\nv -0.025 -0.0666667 0.0433013\nv 0.025 -0.1 0.0433013\nv 0.025 0.1 0.0433013\nv 0.025 -0.2 0.0433013\nv 0.025 0.2 0.0433013\nv 0.05 -0.2 1.62981e-09\nv 0.05 0.2 1.62981e-09\nv 0.05 -0.1 1.62981e-09\nv 0.05 5.58794e-09 1.62981e-09\nv 0.05 0.1 1.62981e-09\nv 0.025 0.1 0.0433013\nv 0.025 5.58794e-09 0.0433013\nv 0.025 -0.1 0.0433013\nv 0.05 -0.2 1.62981e-09\nv 0.025 -0.2 -0.0433013\nv -0.025 -0.2 -0.0433013\nv -0.05 -0.2 1.62981e-09\nv -0.025 -0.2 0.0433013\nv 0.025 -0.2 0.0433013\nv 0.05 0.2 1.62981e-09\nv 0.025 0.2 -0.0433013\nv -0.025 0.2 -0.0433013\nv -0.05 0.2 1.62981e-09\nv -0.025 0.2 0.0433013\nv 0.025 0.2 0.0433013\nf 9 1 4\nf 9 4 6\nf 7 8 2\nf 2 9 6\nf 6 7 2\nf 3 8 7\nf 3 7 5\nf 16 10 12\nf 16 12 17\nf 11 15 18\nf 11 18 14\nf 15 16 17\nf 15 17 13\nf 15 13 18\nf 25 19 21\nf 25 21 26\nf 23 24 27\nf 23 27 28\nf 20 23 28\nf 20 28 22\nf 24 25 26\nf 24 26 27\nf 35 29 32\nf 35 32 36\nf 37 34 30\nf 30 35 36\nf 36 37 30\nf 31 34 37\nf 31 37 33\nf 44 38 40\nf 44 40 45\nf 39 43 46\nf 39 46 42\nf 43 44 45\nf 43 45 41\nf 43 41 46\nf 56 47 49\nf 56 49 51\nf 54 55 52\nf 54 52 53\nf 48 54 53\nf 48 53 50\nf 55 56 51\nf 55 51 52\nf 57 60 59\nf 61 60 62\nf 59 58 57\nf 62 60 57\nf 63 65 66\nf 67 68 66\nf 65 63 64\nf 68 63 66\n", "Geometry": "\no Geo_STICK\nv 0.05 -0.2 1.62981e-09\nv 0.05 5.58794e-09 1.62981e-09\nv 0.05 0.2 1.62981e-09\nv 0.025 -0.2 -0.0433013\nv 0.025 0.2 -0.0433013\nv 0.025 -0.0666667 -0.0433013\nv 0.025 0.0666667 -0.0433013\nv 0.05 0.1 1.62981e-09\nv 0.05 -0.1 1.62981e-09\nv 0.025 -0.2 -0.0433013\nv 0.025 0.2 -0.0433013\nv -0.025 -0.2 -0.0433013\nv -0.025 5.58794e-09 -0.0433013\nv -0.025 0.2 -0.0433013\nv 0.025 0.0666667 -0.0433013\nv 0.025 -0.0666667 -0.0433013\nv -0.025 -0.1 -0.0433013\nv -0.025 0.1 -0.0433013\nv -0.025 -0.2 -0.0433013\nv -0.025 0.2 -0.0433013\nv -0.05 -0.2 1.62981e-09\nv -0.05 0.2 1.62981e-09\nv -0.025 0.1 -0.0433013\nv -0.025 5.58794e-09 -0.0433013\nv -0.025 -0.1 -0.0433013\nv -0.05 -0.1 1.62981e-09\nv -0.05 5.58794e-09 1.62981e-09\nv -0.05 0.1 1.62981e-09\nv -0.05 -0.2 1.62981e-09\nv -0.05 5.58794e-09 1.62981e-09\nv -0.05 0.2 1.62981e-09\nv -0.025 -0.2 0.0433013\nv -0.025 0.2 0.0433013\nv -0.05 0.1 1.62981e-09\nv -0.05 -0.1 1.62981e-09\nv -0.025 -0.0666667 0.0433013\nv -0.025 0.0666667 0.0433013\nv -0.025 -0.2 0.0433013\nv -0.025 0.2 0.0433013\nv 0.025 -0.2 0.0433013\nv 0.025 5.58794e-09 0.0433013\nv 0.025 0.2 0.0433013\nv -0.025 0.0666667 0.0433013\nv -0.025 -0.0666667 0.0433013\nv 0.025 -0.1 0.0433013\nv 0.025 0.1 0.0433013\nv 0.025 -0.2 0.0433013\nv 0.025 0.2 0.0433013\nv 0.05 -0.2 1.62981e-09\nv 0.05 0.2 1.62981e-09\nv 0.05 -0.1 1.62981e-09\nv 0.05 5.58794e-09 1.62981e-09\nv 0.05 0.1 1.62981e-09\nv 0.025 0.1 0.0433013\nv 0.025 5.58794e-09 0.0433013\nv 0.025 -0.1 0.0433013\nv 0.05 -0.2 1.62981e-09\nv 0.025 -0.2 -0.0433013\nv -0.025 -0.2 -0.0433013\nv -0.05 -0.2 1.62981e-09\nv -0.025 -0.2 0.0433013\nv 0.025 -0.2 0.0433013\nv 0.05 0.2 1.62981e-09\nv 0.025 0.2 -0.0433013\nv -0.025 0.2 -0.0433013\nv -0.05 0.2 1.62981e-09\nv -0.025 0.2 0.0433013\nv 0.025 0.2 0.0433013\nf 9 1 4\nf 9 4 6\nf 7 8 2\nf 2 9 6\nf 6 7 2\nf 3 8 7\nf 3 7 5\nf 16 10 12\nf 16 12 17\nf 11 15 18\nf 11 18 14\nf 15 16 17\nf 15 17 13\nf 15 13 18\nf 25 19 21\nf 25 21 26\nf 23 24 27\nf 23 27 28\nf 20 23 28\nf 20 28 22\nf 24 25 26\nf 24 26 27\nf 35 29 32\nf 35 32 36\nf 37 34 30\nf 30 35 36\nf 36 37 30\nf 31 34 37\nf 31 37 33\nf 44 38 40\nf 44 40 45\nf 39 43 46\nf 39 46 42\nf 43 44 45\nf 43 45 41\nf 43 41 46\nf 56 47 49\nf 56 49 51\nf 54 55 52\nf 54 52 53\nf 48 54 53\nf 48 53 50\nf 55 56 51\nf 55 51 52\nf 57 60 59\nf 61 60 62\nf 59 58 57\nf 62 60 57\nf 63 65 66\nf 67 68 66\nf 65 63 64\nf 68 63 66\n", "TemplateID": 0}, {"Connections": [{"ConType": "LONGSIDE", "PlaneYVecY": 0.0, "PlaneXVecY": 1.0, "PlaneXVecX": 0.0, "ConID": 0, "PlaneXVecZ": -4.4994390158148424e-16, "PlaneOriginZ": 0.026947923492981807, "PlaneYVecX": -1.0, "PlaneOriginX": 1.3113021946065118e-08, "PlaneOriginY": -0.0074914958499252837, "Part": "BRANCH", "PlaneYVecZ": 0.0}, {"ConType": "LONGSIDE", "PlaneYVecY": -6.1230317691118863e-17, "PlaneXVecY": -1.0, "PlaneXVecX": -1.571741659965855e-16, "ConID": 1, "PlaneXVecZ": 1.6144722785085114e-16, "PlaneOriginZ": -0.038003981790850988, "PlaneYVecX": -0.5, "PlaneOriginX": 0.037500013113021979, "PlaneOriginY": -0.10749149584992534, "Part": "BRANCH", "PlaneYVecZ": -0.86602540378443849}, {"ConType": "LONGSIDE", "PlaneYVecY": -2.8327492261615017e-16, "PlaneXVecY": -1.0, "PlaneXVecX": -4.6151863534069818e-17, "ConID": 2, "PlaneXVecZ": 3.5374349648920759e-16, "PlaneOriginZ": -0.038003981790851057, "PlaneYVecX": -0.50000000000000033, "PlaneOriginX": 0.037500013113021979, "PlaneOriginY": -0.0074914958499253392, "Part": "BRANCH", "PlaneYVecZ": -0.86602540378443849}, {"ConType": "LONGSIDE", "PlaneYVecY": 1.1155626107503193e-17, "PlaneXVecY": 1.0, "PlaneXVecX": -1.6653345369377348e-16, "ConID": 3, "PlaneXVecZ": -8.3266726846886741e-17, "PlaneOriginZ": -0.03800398179085103, "PlaneYVecX": 0.50000000000000056, "PlaneOriginX": -0.037499986886978143, "PlaneOriginY": -0.10749149584992534, "Part": "BRANCH", "PlaneYVecZ": -0.8660254037844386}, {"ConType": "LONGSIDE", "PlaneYVecY": 3.828588921589438e-16, "PlaneXVecY": -1.0, "PlaneXVecX": -3.6401212373270224e-18, "ConID": 4, "PlaneXVecZ": 4.3998574392296264e-16, "PlaneOriginZ": -0.038003981790851099, "PlaneYVecX": -0.50000000000000033, "PlaneOriginX": -0.037499986886978143, "PlaneOriginY": -0.0074914958499253392, "Part": "BRANCH", "PlaneYVecZ": 0.86602540378443849}, {"ConType": "SHORTSIDE", "PlaneYVecY": 0.81649658092772515, "PlaneXVecY": 0.33333333333333476, "PlaneXVecX": -1.9984014443252822e-15, "ConID": 5, "PlaneXVecZ": 0.94280904158206291, "PlaneOriginZ": 0.066871497207214622, "PlaneYVecX": -0.50000000000000022, "PlaneOriginX": -0.037499986886978143, "PlaneOriginY": 0.079587585339934569, "Part": "BRANCH", "PlaneYVecZ": -0.28867513459481503}, {"ConType": "SHORTSIDE", "PlaneYVecY": 0.81649658092772714, "PlaneXVecY": -0.33333333333333343, "PlaneXVecX": 1.3322676295501882e-15, "ConID": 6, "PlaneXVecZ": -0.94280904158206347, "PlaneOriginZ": 0.06687149720721465, "PlaneYVecX": 0.49999999999999828, "PlaneOriginX": 0.037500013113021979, "PlaneOriginY": 0.079587585339934569, "Part": "BRANCH", "PlaneYVecZ": -0.28867513459481264}, {"ConType": "SHORTSIDE", "PlaneYVecY": 1.1790640392125402e-15, "PlaneXVecY": 0.33333333333333481, "PlaneXVecX": 0.0, "ConID": 7, "PlaneXVecZ": 0.94280904158206291, "PlaneOriginZ": 0.045220862112603601, "PlaneYVecX": 1.0, "PlaneOriginX": 1.3113021946065118e-08, "PlaneOriginY": 0.14082482890951398, "Part": "BRANCH", "PlaneYVecZ": -4.1686208879019631e-16}, {"ConType": "SHORTSIDE", "PlaneYVecY": -0.81649658092772615, "PlaneXVecY": -0.33333333333333276, "PlaneXVecX": -0.81649658092772581, "ConID": 8, "PlaneXVecZ": 0.47140452079103257, "PlaneOriginZ": -0.025489816006051116, "PlaneYVecX": -1.1204095106727304e-15, "PlaneOriginX": 0.090824842159408226, "PlaneOriginY": 0.079587585339934541, "Part": "BRANCH", "PlaneYVecZ": -0.57735026918962562}, {"ConType": "SHORTSIDE", "PlaneYVecY": -2.4980018054066022e-16, "PlaneXVecY": -0.33333333333333376, "PlaneXVecX": -0.81649658092772615, "ConID": 9, "PlaneXVecZ": 0.47140452079103129, "PlaneOriginZ": -0.04714045110066209, "PlaneYVecX": 0.49999999999999972, "PlaneOriginX": 0.053324842159408248, "PlaneOriginY": 0.14082482890951398, "Part": "BRANCH", "PlaneYVecZ": 0.86602540378443893}, {"ConType": "SHORTSIDE", "PlaneYVecY": 0.81649658092772548, "PlaneXVecY": -0.33333333333333381, "PlaneXVecX": -0.81649658092772581, "ConID": 10, "PlaneXVecZ": 0.47140452079103179, "PlaneOriginZ": -0.090441721289884022, "PlaneYVecX": -0.50000000000000067, "PlaneOriginX": 0.053324842159408248, "PlaneOriginY": 0.079587585339934541, "Part": "BRANCH", "PlaneYVecZ": -0.28867513459481325}, {"ConType": "SHORTSIDE", "PlaneYVecY": 0.81649658092772659, "PlaneXVecY": -0.33333333333333326, "PlaneXVecX": 0.8164965809277257, "ConID": 11, "PlaneXVecZ": 0.47140452079103251, "PlaneOriginZ": -0.025489816006051116, "PlaneYVecX": -1.6653345369377353e-16, "PlaneOriginX": -0.090824815933364389, "PlaneOriginY": 0.079587585339934486, "Part": "BRANCH", "PlaneYVecZ": 0.57735026918962518}, {"ConType": "SHORTSIDE", "PlaneYVecY": 0.81649658092772581, "PlaneXVecY": 0.33333333333333282, "PlaneXVecX": -0.8164965809277257, "ConID": 12, "PlaneXVecZ": -0.47140452079103279, "PlaneOriginZ": -0.090441721289884022, "PlaneYVecX": 0.50000000000000011, "PlaneOriginX": -0.053324815933364356, "PlaneOriginY": 0.079587585339934486, "Part": "BRANCH", "PlaneYVecZ": -0.28867513459481314}, {"ConType": "SHORTSIDE", "PlaneYVecY": -5.7361522938966434e-16, "PlaneXVecY": 0.3333333333333332, "PlaneXVecX": -0.8164965809277257, "ConID": 13, "PlaneXVecZ": -0.47140452079103257, "PlaneOriginZ": -0.047140451100662117, "PlaneYVecX": -0.50000000000000111, "PlaneOriginX": -0.053324815933364356, "PlaneOriginY": 0.14082482890951392, "Part": "BRANCH", "PlaneYVecZ": 0.86602540378443804}, {"ConType": "END", "PlaneYVecY": 6.1181377655213894e-32, "PlaneXVecY": 4.9960036108132044e-16, "PlaneXVecX": 1.2246063538223773e-16, "ConID": 14, "PlaneXVecZ": 1.0, "PlaneOriginZ": -0.016353346696240029, "PlaneYVecX": -1.0, "PlaneOriginX": 1.3113021946065118e-08, "PlaneOriginY": -0.15749149584992531, "Part": "BRANCH", "PlaneYVecZ": 1.2246063538223773e-16}, {"ConType": "END", "PlaneYVecY": 0.8164965809277267, "PlaneXVecY": -0.47140452079103023, "PlaneXVecX": -0.28867513459481381, "ConID": 15, "PlaneXVecZ": -0.83333333333333381, "PlaneOriginZ": -0.077927555505084012, "PlaneYVecX": -0.49999999999999972, "PlaneOriginX": 0.10664967120579461, "PlaneOriginY": 0.1166666665297944, "Part": "BRANCH", "PlaneYVecZ": -0.28867513459481126}, {"ConType": "END", "PlaneYVecY": 1.2139058431044298e-16, "PlaneXVecY": -0.94280904158206302, "PlaneXVecX": -1.2246063538223773e-16, "ConID": 16, "PlaneXVecZ": 0.33333333333333454, "PlaneOriginZ": 0.10679507092144747, "PlaneYVecX": 1.0, "PlaneOriginX": 1.3113021890553966e-08, "PlaneOriginY": 0.1166666665297944, "Part": "BRANCH", "PlaneYVecZ": 7.1072632749915659e-16}, {"ConType": "END", "PlaneYVecY": -0.81649658092772537, "PlaneXVecY": -0.47140452079103262, "PlaneXVecX": 0.28867513459481309, "ConID": 17, "PlaneXVecZ": -0.8333333333333327, "PlaneOriginZ": -0.077927555505084012, "PlaneYVecX": -0.50000000000000067, "PlaneOriginX": -0.10664964497975066, "PlaneOriginY": 0.11666666652979429, "Part": "BRANCH", "PlaneYVecZ": 0.28867513459481337}], "Name": "BRANCH", "Probability": 0.69999999999999996, "Collider": "\no Col_BRANCH_0\nv 0.05 -0.157491 -0.0163533\nv 0.05 0.0425085 -0.0163533\nv 0.025 -0.157491 -0.0596546\nv 0.025 0.0425085 -0.0596546\nv 0.025 -0.0574915 -0.0596546\nv 0.0375 0.0425085 -0.038004\nv 0.05 -0.0241582 -0.0163533\nv 0.05 -0.0908248 -0.0163533\nv 0.025 -0.157491 -0.0596546\nv 0.025 0.0425085 -0.0596546\nv -0.025 -0.157491 -0.0596546\nv -0.025 0.0425085 -0.0596546\nv 0.025 -0.0574915 -0.0596546\nv -0.025 -0.0574915 -0.0596546\nv 0.0 0.0425085 -0.0596546\nv -0.025 -0.157491 -0.0596546\nv -0.025 0.0425085 -0.0596546\nv -0.05 -0.157491 -0.0163533\nv -0.05 0.0425085 -0.0163533\nv -0.025 -0.0574915 -0.0596546\nv -0.05 -0.0908248 -0.0163533\nv -0.05 -0.0241582 -0.0163533\nv -0.0375 0.0425085 -0.038004\nv -0.05 -0.157491 -0.0163533\nv -0.05 0.0425085 -0.0163533\nv -0.0375 0.0425085 0.00529729\nv -0.025 -0.157491 0.0269479\nv -0.025 0.0425085 0.0269479\nv -0.05 -0.0241582 -0.0163533\nv -0.05 -0.0908248 -0.0163533\nv -0.025 -0.0908248 0.0269479\nv -0.025 -0.0241582 0.0269479\nv -0.025 -0.157491 0.0269479\nv -0.025 0.0425085 0.0269479\nv 0.025 -0.157491 0.0269479\nv 0.025 0.0425085 0.0269479\nv -0.025 -0.0241582 0.0269479\nv -0.025 -0.0908248 0.0269479\nv 0.025 -0.0908248 0.0269479\nv 0.025 -0.0241582 0.0269479\nv 0.0 0.0425085 0.0269479\nv 0.025 -0.157491 0.0269479\nv 0.025 0.0425085 0.0269479\nv 0.0375 0.0425085 0.00529729\nv 0.05 -0.157491 -0.0163533\nv 0.05 0.0425085 -0.0163533\nv 0.05 -0.0908248 -0.0163533\nv 0.05 -0.0241582 -0.0163533\nv 0.025 -0.0241582 0.0269479\nv 0.025 -0.0908248 0.0269479\nv 0.05 -0.157491 -0.0163533\nv 0.025 -0.157491 -0.0596546\nv -0.025 -0.157491 -0.0596546\nv -0.05 -0.157491 -0.0163533\nv -0.025 -0.157491 0.0269479\nv 0.025 -0.157491 0.0269479\nv 0.05 0.0833333 0.0125142\nv 0.05 0.116667 0.106795\nv 0.0375 0.103746 0.00529729\nv 0.0375 0.137079 0.0995782\nv 0.025 0.124158 -0.00191959\nv 0.025 0.157491 0.0923613\nv 0.025 0.135269 0.0295074\nv 0.025 0.14638 0.0609343\nv 0.05 0.105556 0.0753681\nv 0.05 0.0944444 0.0439411\nv 0.025 0.124158 -0.00191959\nv 0.025 0.157491 0.0923613\nv -0.025 0.124158 -0.00191959\nv -0.025 0.157491 0.0923613\nv 0.025 0.14638 0.0609343\nv 0.025 0.135269 0.0295074\nv 0.0 0.124158 -0.00191959\nv -0.025 0.135269 0.0295074\nv -0.025 0.14638 0.0609343\nv 0.0 0.157491 0.0923613\nv -0.025 0.124158 -0.00191959\nv -0.025 0.157491 0.0923613\nv -0.05 0.0833333 0.0125142\nv -0.05 0.116667 0.106795\nv -0.025 0.14638 0.0609343\nv -0.025 0.135269 0.0295074\nv -0.0375 0.103746 0.00529729\nv -0.05 0.0944444 0.0439411\nv -0.05 0.105556 0.0753681\nv -0.0375 0.137079 0.0995782\nv -0.05 0.0833333 0.0125142\nv -0.05 0.116667 0.106795\nv -0.0375 0.0629209 0.019731\nv -0.0375 0.0962543 0.114012\nv -0.025 0.0425085 0.0269479\nv -0.025 0.0758418 0.121229\nv -0.05 0.105556 0.0753681\nv -0.05 0.0944444 0.0439411\nv -0.025 0.0536196 0.0583749\nv -0.025 0.0647307 0.0898019\nv -0.025 0.0425085 0.0269479\nv -0.025 0.0758418 0.121229\nv 0.025 0.0425085 0.0269479\nv 0.025 0.0758418 0.121229\nv 0.0 0.0425085 0.0269479\nv -0.025 0.0647307 0.0898019\nv -0.025 0.0536196 0.0583749\nv 0.025 0.0536196 0.0583749\nv 0.025 0.0647307 0.0898019\nv 0.0 0.0758418 0.121229\nv 0.025 0.0425085 0.0269479\nv 0.025 0.0758418 0.121229\nv 0.05 0.0833333 0.0125142\nv 0.05 0.116667 0.106795\nv 0.05 0.0944444 0.0439411\nv 0.05 0.105556 0.0753681\nv 0.025 0.0647307 0.0898019\nv 0.025 0.0536196 0.0583749\nv 0.0375 0.0629209 0.019731\nv 0.05 0.116667 0.106795\nv 0.0375 0.137079 0.0995782\nv 0.025 0.157491 0.0923613\nv -0.05 0.116667 0.106795\nv 0.0 0.157491 0.0923613\nv -0.025 0.157491 0.0923613\nv -0.0375 0.137079 0.0995782\nv -0.0375 0.0962543 0.114012\nv -0.025 0.0758418 0.121229\nv 0.0 0.0758418 0.121229\nv 0.025 0.0758418 0.121229\nv 0.0 0.0833333 -0.0740884\nv 0.0816497 0.116667 -0.121229\nv 0.0 0.103746 -0.0596546\nv 0.0 0.124158 -0.0452209\nv 0.0816497 0.157491 -0.0923613\nv 0.0272166 0.135269 -0.0609343\nv 0.0544331 0.14638 -0.0766478\nv 0.0544331 0.105556 -0.105515\nv 0.0272166 0.0944444 -0.0898019\nv 0.0 0.124158 -0.0452209\nv 0.0816497 0.157491 -0.0923613\nv 0.025 0.124158 -0.00191959\nv 0.10665 0.157491 -0.04906\nv 0.0544331 0.14638 -0.0766478\nv 0.0272166 0.135269 -0.0609343\nv 0.0125 0.124158 -0.0235702\nv 0.0522166 0.135269 -0.0176331\nv 0.0794331 0.14638 -0.0333466\nv 0.0941497 0.157491 -0.0707107\nv 0.025 0.124158 -0.00191959\nv 0.10665 0.157491 -0.04906\nv 0.11915 0.137079 -0.0418432\nv 0.05 0.0833333 0.0125142\nv 0.13165 0.116667 -0.0346263\nv 0.0375 0.103746 0.00529729\nv 0.0794331 0.14638 -0.0333466\nv 0.0522166 0.135269 -0.0176331\nv 0.0772166 0.0944444 -0.00319932\nv 0.104433 0.105556 -0.0189128\nv 0.05 0.0833333 0.0125142\nv 0.13165 0.116667 -0.0346263\nv 0.05 0.0425085 -0.0163533\nv 0.13165 0.0758418 -0.0634938\nv 0.104433 0.105556 -0.0189128\nv 0.0772166 0.0944444 -0.00319932\nv 0.05 0.0629209 -0.00191959\nv 0.0772166 0.0536196 -0.0320668\nv 0.104433 0.0647307 -0.0477803\nv 0.05 0.0425085 -0.0163533\nv 0.13165 0.0758418 -0.0634938\nv 0.0375 0.0425085 -0.038004\nv 0.11915 0.0758418 -0.0851444\nv 0.025 0.0425085 -0.0596546\nv 0.10665 0.0758418 -0.106795\nv 0.104433 0.0647307 -0.0477803\nv 0.0772166 0.0536196 -0.0320668\nv 0.0522166 0.0536196 -0.0753681\nv 0.0794331 0.0647307 -0.0910816\nv 0.025 0.0425085 -0.0596546\nv 0.10665 0.0758418 -0.106795\nv 0.0 0.0833333 -0.0740884\nv 0.0816497 0.116667 -0.121229\nv 0.0272166 0.0944444 -0.0898019\nv 0.0544331 0.105556 -0.105515\nv 0.0794331 0.0647307 -0.0910816\nv 0.0522166 0.0536196 -0.0753681\nv 0.0125 0.0629209 -0.0668715\nv 0.0941497 0.0962543 -0.114012\nv 0.0816497 0.116667 -0.121229\nv 0.0816497 0.157491 -0.0923613\nv 0.0941497 0.157491 -0.0707107\nv 0.10665 0.157491 -0.04906\nv 0.11915 0.137079 -0.0418432\nv 0.13165 0.116667 -0.0346263\nv 0.13165 0.0758418 -0.0634938\nv 0.11915 0.0758418 -0.0851444\nv 0.10665 0.0758418 -0.106795\nv 0.0941497 0.0962543 -0.114012\nv -0.05 0.0833333 0.0125142\nv -0.13165 0.116667 -0.0346263\nv -0.0375 0.103746 0.00529729\nv -0.025 0.124158 -0.00191959\nv -0.10665 0.157491 -0.04906\nv -0.0522165 0.135269 -0.0176331\nv -0.0794331 0.14638 -0.0333466\nv -0.0908248 0.1 -0.0110561\nv -0.025 0.124158 -0.00191959\nv -0.10665 0.157491 -0.04906\nv 0.0 0.124158 -0.0452209\nv -0.0816496 0.157491 -0.0923613\nv -0.0794331 0.14638 -0.0333466\nv -0.0522165 0.135269 -0.0176331\nv -0.0125 0.124158 -0.0235702\nv -0.0272166 0.135269 -0.0609343\nv -0.0544331 0.14638 -0.0766478\nv -0.0941496 0.157491 -0.0707107\nv 0.0 0.124158 -0.0452209\nv -0.0816496 0.157491 -0.0923613\nv 0.0 0.103746 -0.0596546\nv 0.0 0.0833333 -0.0740884\nv -0.0816496 0.116667 -0.121229\nv -0.0544331 0.14638 -0.0766478\nv -0.0272166 0.135269 -0.0609343\nv -0.0272166 0.0944444 -0.0898019\nv -0.0544331 0.105556 -0.105515\nv -0.0816496 0.137079 -0.106795\nv 0.0 0.0833333 -0.0740884\nv -0.0816496 0.116667 -0.121229\nv -0.0125 0.0629209 -0.0668715\nv -0.0941496 0.0962543 -0.114012\nv -0.025 0.0425085 -0.0596546\nv -0.10665 0.0758418 -0.106795\nv -0.0544331 0.105556 -0.105515\nv -0.0272166 0.0944444 -0.0898019\nv -0.0522165 0.0536196 -0.0753681\nv -0.0794331 0.0647307 -0.0910816\nv -0.025 0.0425085 -0.0596546\nv -0.10665 0.0758418 -0.106795\nv -0.05 0.0425085 -0.0163533\nv -0.13165 0.0758418 -0.0634938\nv -0.0375 0.0425085 -0.038004\nv -0.0794331 0.0647307 -0.0910816\nv -0.0522165 0.0536196 -0.0753681\nv -0.0772165 0.0536196 -0.0320668\nv -0.104433 0.0647307 -0.0477803\nv -0.11915 0.0758418 -0.0851444\nv -0.05 0.0425085 -0.0163533\nv -0.13165 0.0758418 -0.0634938\nv -0.05 0.0833333 0.0125142\nv -0.13165 0.116667 -0.0346263\nv -0.0908248 0.1 -0.0110561\nv -0.104433 0.0647307 -0.0477803\nv -0.0772165 0.0536196 -0.0320668\nv -0.05 0.0629209 -0.00191959\nv -0.0941496 0.157491 -0.0707107\nv -0.13165 0.116667 -0.0346263\nv -0.10665 0.157491 -0.04906\nv -0.0816496 0.157491 -0.0923613\nv -0.0816496 0.137079 -0.106795\nv -0.0816496 0.116667 -0.121229\nv -0.0941496 0.0962543 -0.114012\nv -0.10665 0.0758418 -0.106795\nv -0.11915 0.0758418 -0.0851444\nv -0.13165 0.0758418 -0.0634938\nv 0.025 0.124158 -0.00191959\nv 0.0 0.124158 -0.00191959\nv -0.025 0.124158 -0.00191959\nv 0.0 0.124158 -0.0452209\nv 0.0125 0.124158 -0.0235702\nv -0.0125 0.124158 -0.0235702\nv -0.025 0.0425085 0.0269479\nv -0.0375 0.0425085 0.00529729\nv -0.05 0.0425085 -0.0163533\nv -0.05 0.0833333 0.0125142\nv -0.0375 0.0629209 0.019731\nv -0.05 0.0629209 -0.00191959\nv -0.025 0.0425085 -0.0596546\nv 0.0 0.0425085 -0.0596546\nv 0.025 0.0425085 -0.0596546\nv 0.0125 0.0629209 -0.0668715\nv 0.0 0.0833333 -0.0740884\nv -0.0125 0.0629209 -0.0668715\nv 0.025 0.0425085 0.0269479\nv 0.0375 0.0425085 0.00529729\nv 0.05 0.0425085 -0.0163533\nv 0.05 0.0833333 0.0125142\nv 0.0375 0.0629209 0.019731\nv 0.05 0.0629209 -0.00191959\nf 3 8 1\nf 6 2 7\nf 7 8 6\nf 8 5 6\nf 5 4 6\nf 3 5 8\nf 13 9 11\nf 13 11 14\nf 15 10 13\nf 13 14 15\nf 14 12 15\nf 21 23 20\nf 20 23 17\nf 20 16 18\nf 20 18 21\nf 23 22 19\nf 23 21 22\nf 30 24 27\nf 30 27 31\nf 26 25 29\nf 29 30 26\nf 30 31 26\nf 28 26 32\nf 31 32 26\nf 38 33 35\nf 38 35 39\nf 41 34 37\nf 37 38 41\nf 38 39 41\nf 36 41 40\nf 39 40 41\nf 50 42 45\nf 50 45 47\nf 44 43 49\nf 49 50 44\nf 50 47 44\nf 46 44 48\nf 47 48 44\nf 52 54 53\nf 55 54 56\nf 54 52 51\nf 56 54 51\nf 66 57 59\nf 59 65 66\nf 65 60 58\nf 60 65 59\nf 63 64 59\nf 62 60 64\nf 64 60 59\nf 61 63 59\nf 72 67 73\nf 71 72 74\nf 71 74 75\nf 71 76 68\nf 73 74 72\nf 70 76 75\nf 75 76 71\nf 69 74 73\nf 82 77 83\nf 81 82 84\nf 81 84 85\nf 81 86 78\nf 83 84 82\nf 80 86 85\nf 85 86 81\nf 79 84 83\nf 94 87 89\nf 89 93 94\nf 93 90 88\nf 90 93 89\nf 95 96 89\nf 92 90 96\nf 96 90 89\nf 91 95 89\nf 103 97 101\nf 102 103 104\nf 102 104 105\nf 102 106 98\nf 101 104 103\nf 100 106 105\nf 105 106 102\nf 99 104 101\nf 115 114 107\nf 108 113 112\nf 108 112 110\nf 113 114 115\nf 111 115 109\nf 115 111 112\nf 115 112 113\nf 123 117 122\nf 119 123 122\nf 120 121 122\nf 125 123 124\nf 116 125 126\nf 117 125 116\nf 118 120 117\nf 117 120 122\nf 125 117 123\nf 129 135 127\nf 129 128 134\nf 134 135 129\nf 132 129 130\nf 129 132 133\nf 129 133 131\nf 128 129 131\nf 141 136 142\nf 140 141 143\nf 140 143 144\nf 140 145 137\nf 142 143 141\nf 139 145 144\nf 144 145 140\nf 138 143 142\nf 153 146 151\nf 151 152 153\nf 152 148 147\nf 148 152 151\nf 154 155 151\nf 150 148 155\nf 155 148 151\nf 149 154 151\nf 162 161 156\nf 162 157 160\nf 160 161 162\nf 163 162 158\nf 162 163 164\nf 162 164 159\nf 157 162 159\nf 172 165 167\nf 167 171 172\nf 171 168 166\nf 168 171 167\nf 173 174 167\nf 170 168 174\nf 174 168 167\nf 169 173 167\nf 182 175 183\nf 181 182 179\nf 181 179 180\nf 181 184 176\nf 183 179 182\nf 178 184 180\nf 180 184 181\nf 177 179 183\nf 185 190 194\nf 193 194 192\nf 194 191 192\nf 189 185 186\nf 189 187 188\nf 194 190 191\nf 190 185 189\nf 189 186 187\nf 202 195 197\nf 197 196 202\nf 196 197 199\nf 197 198 200\nf 197 201 199\nf 197 200 201\nf 207 208 210\nf 207 210 211\nf 204 207 212\nf 207 211 212\nf 209 208 203\nf 210 209 205\nf 211 206 212\nf 210 208 209\nf 215 222 219\nf 214 218 222\nf 219 222 218\nf 215 219 213\nf 220 215 216\nf 220 221 222\nf 221 217 222\nf 220 222 215\nf 230 223 225\nf 230 226 229\nf 229 226 224\nf 225 226 230\nf 231 232 225\nf 228 226 232\nf 232 226 225\nf 227 231 225\nf 239 233 237\nf 238 239 240\nf 238 240 241\nf 238 242 234\nf 237 240 239\nf 236 242 241\nf 241 242 238\nf 235 240 237\nf 250 249 243\nf 246 244 248\nf 248 249 250\nf 247 250 245\nf 247 246 248\nf 250 247 248\nf 255 257 258\nf 256 257 255\nf 251 254 255\nf 259 255 258\nf 259 260 253\nf 259 253 251\nf 252 253 260\nf 255 259 251\nf 266 263 262\nf 264 266 265\nf 261 265 262\nf 266 262 265\nf 271 268 267\nf 272 268 271\nf 271 270 272\nf 268 272 269\nf 274 273 278\nf 276 278 277\nf 276 275 274\nf 278 276 274\nf 283 279 280\nf 284 283 280\nf 282 283 284\nf 281 284 280\n", "Geometry": "\no Geo_BRANCH\nv 0.05 -0.157491 -0.0163533\nv 0.05 0.0425085 -0.0163533\nv 0.025 -0.157491 -0.0596546\nv 0.025 0.0425085 -0.0596546\nv 0.025 -0.0574915 -0.0596546\nv 0.0375 0.0425085 -0.038004\nv 0.05 -0.0241582 -0.0163533\nv 0.05 -0.0908248 -0.0163533\nv 0.025 -0.157491 -0.0596546\nv 0.025 0.0425085 -0.0596546\nv -0.025 -0.157491 -0.0596546\nv -0.025 0.0425085 -0.0596546\nv 0.025 -0.0574915 -0.0596546\nv -0.025 -0.0574915 -0.0596546\nv 0.0 0.0425085 -0.0596546\nv -0.025 -0.157491 -0.0596546\nv -0.025 0.0425085 -0.0596546\nv -0.05 -0.157491 -0.0163533\nv -0.05 0.0425085 -0.0163533\nv -0.025 -0.0574915 -0.0596546\nv -0.05 -0.0908248 -0.0163533\nv -0.05 -0.0241582 -0.0163533\nv -0.0375 0.0425085 -0.038004\nv -0.05 -0.157491 -0.0163533\nv -0.05 0.0425085 -0.0163533\nv -0.0375 0.0425085 0.00529729\nv -0.025 -0.157491 0.0269479\nv -0.025 0.0425085 0.0269479\nv -0.05 -0.0241582 -0.0163533\nv -0.05 -0.0908248 -0.0163533\nv -0.025 -0.0908248 0.0269479\nv -0.025 -0.0241582 0.0269479\nv -0.025 -0.157491 0.0269479\nv -0.025 0.0425085 0.0269479\nv 0.025 -0.157491 0.0269479\nv 0.025 0.0425085 0.0269479\nv -0.025 -0.0241582 0.0269479\nv -0.025 -0.0908248 0.0269479\nv 0.025 -0.0908248 0.0269479\nv 0.025 -0.0241582 0.0269479\nv 0.0 0.0425085 0.0269479\nv 0.025 -0.157491 0.0269479\nv 0.025 0.0425085 0.0269479\nv 0.0375 0.0425085 0.00529729\nv 0.05 -0.157491 -0.0163533\nv 0.05 0.0425085 -0.0163533\nv 0.05 -0.0908248 -0.0163533\nv 0.05 -0.0241582 -0.0163533\nv 0.025 -0.0241582 0.0269479\nv 0.025 -0.0908248 0.0269479\nv 0.05 -0.157491 -0.0163533\nv 0.025 -0.157491 -0.0596546\nv -0.025 -0.157491 -0.0596546\nv -0.05 -0.157491 -0.0163533\nv -0.025 -0.157491 0.0269479\nv 0.025 -0.157491 0.0269479\nv 0.05 0.0833333 0.0125142\nv 0.05 0.116667 0.106795\nv 0.0375 0.103746 0.00529729\nv 0.0375 0.137079 0.0995782\nv 0.025 0.124158 -0.00191959\nv 0.025 0.157491 0.0923613\nv 0.025 0.135269 0.0295074\nv 0.025 0.14638 0.0609343\nv 0.05 0.105556 0.0753681\nv 0.05 0.0944444 0.0439411\nv 0.025 0.124158 -0.00191959\nv 0.025 0.157491 0.0923613\nv -0.025 0.124158 -0.00191959\nv -0.025 0.157491 0.0923613\nv 0.025 0.14638 0.0609343\nv 0.025 0.135269 0.0295074\nv 0.0 0.124158 -0.00191959\nv -0.025 0.135269 0.0295074\nv -0.025 0.14638 0.0609343\nv 0.0 0.157491 0.0923613\nv -0.025 0.124158 -0.00191959\nv -0.025 0.157491 0.0923613\nv -0.05 0.0833333 0.0125142\nv -0.05 0.116667 0.106795\nv -0.025 0.14638 0.0609343\nv -0.025 0.135269 0.0295074\nv -0.0375 0.103746 0.00529729\nv -0.05 0.0944444 0.0439411\nv -0.05 0.105556 0.0753681\nv -0.0375 0.137079 0.0995782\nv -0.05 0.0833333 0.0125142\nv -0.05 0.116667 0.106795\nv -0.0375 0.0629209 0.019731\nv -0.0375 0.0962543 0.114012\nv -0.025 0.0425085 0.0269479\nv -0.025 0.0758418 0.121229\nv -0.05 0.105556 0.0753681\nv -0.05 0.0944444 0.0439411\nv -0.025 0.0536196 0.0583749\nv -0.025 0.0647307 0.0898019\nv -0.025 0.0425085 0.0269479\nv -0.025 0.0758418 0.121229\nv 0.025 0.0425085 0.0269479\nv 0.025 0.0758418 0.121229\nv 0.0 0.0425085 0.0269479\nv -0.025 0.0647307 0.0898019\nv -0.025 0.0536196 0.0583749\nv 0.025 0.0536196 0.0583749\nv 0.025 0.0647307 0.0898019\nv 0.0 0.0758418 0.121229\nv 0.025 0.0425085 0.0269479\nv 0.025 0.0758418 0.121229\nv 0.05 0.0833333 0.0125142\nv 0.05 0.116667 0.106795\nv 0.05 0.0944444 0.0439411\nv 0.05 0.105556 0.0753681\nv 0.025 0.0647307 0.0898019\nv 0.025 0.0536196 0.0583749\nv 0.0375 0.0629209 0.019731\nv 0.05 0.116667 0.106795\nv 0.0375 0.137079 0.0995782\nv 0.025 0.157491 0.0923613\nv -0.05 0.116667 0.106795\nv 0.0 0.157491 0.0923613\nv -0.025 0.157491 0.0923613\nv -0.0375 0.137079 0.0995782\nv -0.0375 0.0962543 0.114012\nv -0.025 0.0758418 0.121229\nv 0.0 0.0758418 0.121229\nv 0.025 0.0758418 0.121229\nv 0.0 0.0833333 -0.0740884\nv 0.0816497 0.116667 -0.121229\nv 0.0 0.103746 -0.0596546\nv 0.0 0.124158 -0.0452209\nv 0.0816497 0.157491 -0.0923613\nv 0.0272166 0.135269 -0.0609343\nv 0.0544331 0.14638 -0.0766478\nv 0.0544331 0.105556 -0.105515\nv 0.0272166 0.0944444 -0.0898019\nv 0.0 0.124158 -0.0452209\nv 0.0816497 0.157491 -0.0923613\nv 0.025 0.124158 -0.00191959\nv 0.10665 0.157491 -0.04906\nv 0.0544331 0.14638 -0.0766478\nv 0.0272166 0.135269 -0.0609343\nv 0.0125 0.124158 -0.0235702\nv 0.0522166 0.135269 -0.0176331\nv 0.0794331 0.14638 -0.0333466\nv 0.0941497 0.157491 -0.0707107\nv 0.025 0.124158 -0.00191959\nv 0.10665 0.157491 -0.04906\nv 0.11915 0.137079 -0.0418432\nv 0.05 0.0833333 0.0125142\nv 0.13165 0.116667 -0.0346263\nv 0.0375 0.103746 0.00529729\nv 0.0794331 0.14638 -0.0333466\nv 0.0522166 0.135269 -0.0176331\nv 0.0772166 0.0944444 -0.00319932\nv 0.104433 0.105556 -0.0189128\nv 0.05 0.0833333 0.0125142\nv 0.13165 0.116667 -0.0346263\nv 0.05 0.0425085 -0.0163533\nv 0.13165 0.0758418 -0.0634938\nv 0.104433 0.105556 -0.0189128\nv 0.0772166 0.0944444 -0.00319932\nv 0.05 0.0629209 -0.00191959\nv 0.0772166 0.0536196 -0.0320668\nv 0.104433 0.0647307 -0.0477803\nv 0.05 0.0425085 -0.0163533\nv 0.13165 0.0758418 -0.0634938\nv 0.0375 0.0425085 -0.038004\nv 0.11915 0.0758418 -0.0851444\nv 0.025 0.0425085 -0.0596546\nv 0.10665 0.0758418 -0.106795\nv 0.104433 0.0647307 -0.0477803\nv 0.0772166 0.0536196 -0.0320668\nv 0.0522166 0.0536196 -0.0753681\nv 0.0794331 0.0647307 -0.0910816\nv 0.025 0.0425085 -0.0596546\nv 0.10665 0.0758418 -0.106795\nv 0.0 0.0833333 -0.0740884\nv 0.0816497 0.116667 -0.121229\nv 0.0272166 0.0944444 -0.0898019\nv 0.0544331 0.105556 -0.105515\nv 0.0794331 0.0647307 -0.0910816\nv 0.0522166 0.0536196 -0.0753681\nv 0.0125 0.0629209 -0.0668715\nv 0.0941497 0.0962543 -0.114012\nv 0.0816497 0.116667 -0.121229\nv 0.0816497 0.157491 -0.0923613\nv 0.0941497 0.157491 -0.0707107\nv 0.10665 0.157491 -0.04906\nv 0.11915 0.137079 -0.0418432\nv 0.13165 0.116667 -0.0346263\nv 0.13165 0.0758418 -0.0634938\nv 0.11915 0.0758418 -0.0851444\nv 0.10665 0.0758418 -0.106795\nv 0.0941497 0.0962543 -0.114012\nv -0.05 0.0833333 0.0125142\nv -0.13165 0.116667 -0.0346263\nv -0.0375 0.103746 0.00529729\nv -0.025 0.124158 -0.00191959\nv -0.10665 0.157491 -0.04906\nv -0.0522165 0.135269 -0.0176331\nv -0.0794331 0.14638 -0.0333466\nv -0.0908248 0.1 -0.0110561\nv -0.025 0.124158 -0.00191959\nv -0.10665 0.157491 -0.04906\nv 0.0 0.124158 -0.0452209\nv -0.0816496 0.157491 -0.0923613\nv -0.0794331 0.14638 -0.0333466\nv -0.0522165 0.135269 -0.0176331\nv -0.0125 0.124158 -0.0235702\nv -0.0272166 0.135269 -0.0609343\nv -0.0544331 0.14638 -0.0766478\nv -0.0941496 0.157491 -0.0707107\nv 0.0 0.124158 -0.0452209\nv -0.0816496 0.157491 -0.0923613\nv 0.0 0.103746 -0.0596546\nv 0.0 0.0833333 -0.0740884\nv -0.0816496 0.116667 -0.121229\nv -0.0544331 0.14638 -0.0766478\nv -0.0272166 0.135269 -0.0609343\nv -0.0272166 0.0944444 -0.0898019\nv -0.0544331 0.105556 -0.105515\nv -0.0816496 0.137079 -0.106795\nv 0.0 0.0833333 -0.0740884\nv -0.0816496 0.116667 -0.121229\nv -0.0125 0.0629209 -0.0668715\nv -0.0941496 0.0962543 -0.114012\nv -0.025 0.0425085 -0.0596546\nv -0.10665 0.0758418 -0.106795\nv -0.0544331 0.105556 -0.105515\nv -0.0272166 0.0944444 -0.0898019\nv -0.0522165 0.0536196 -0.0753681\nv -0.0794331 0.0647307 -0.0910816\nv -0.025 0.0425085 -0.0596546\nv -0.10665 0.0758418 -0.106795\nv -0.05 0.0425085 -0.0163533\nv -0.13165 0.0758418 -0.0634938\nv -0.0375 0.0425085 -0.038004\nv -0.0794331 0.0647307 -0.0910816\nv -0.0522165 0.0536196 -0.0753681\nv -0.0772165 0.0536196 -0.0320668\nv -0.104433 0.0647307 -0.0477803\nv -0.11915 0.0758418 -0.0851444\nv -0.05 0.0425085 -0.0163533\nv -0.13165 0.0758418 -0.0634938\nv -0.05 0.0833333 0.0125142\nv -0.13165 0.116667 -0.0346263\nv -0.0908248 0.1 -0.0110561\nv -0.104433 0.0647307 -0.0477803\nv -0.0772165 0.0536196 -0.0320668\nv -0.05 0.0629209 -0.00191959\nv -0.0941496 0.157491 -0.0707107\nv -0.13165 0.116667 -0.0346263\nv -0.10665 0.157491 -0.04906\nv -0.0816496 0.157491 -0.0923613\nv -0.0816496 0.137079 -0.106795\nv -0.0816496 0.116667 -0.121229\nv -0.0941496 0.0962543 -0.114012\nv -0.10665 0.0758418 -0.106795\nv -0.11915 0.0758418 -0.0851444\nv -0.13165 0.0758418 -0.0634938\nv 0.025 0.124158 -0.00191959\nv 0.0 0.124158 -0.00191959\nv -0.025 0.124158 -0.00191959\nv 0.0 0.124158 -0.0452209\nv 0.0125 0.124158 -0.0235702\nv -0.0125 0.124158 -0.0235702\nv -0.025 0.0425085 0.0269479\nv -0.0375 0.0425085 0.00529729\nv -0.05 0.0425085 -0.0163533\nv -0.05 0.0833333 0.0125142\nv -0.0375 0.0629209 0.019731\nv -0.05 0.0629209 -0.00191959\nv -0.025 0.0425085 -0.0596546\nv 0.0 0.0425085 -0.0596546\nv 0.025 0.0425085 -0.0596546\nv 0.0125 0.0629209 -0.0668715\nv 0.0 0.0833333 -0.0740884\nv -0.0125 0.0629209 -0.0668715\nv 0.025 0.0425085 0.0269479\nv 0.0375 0.0425085 0.00529729\nv 0.05 0.0425085 -0.0163533\nv 0.05 0.0833333 0.0125142\nv 0.0375 0.0629209 0.019731\nv 0.05 0.0629209 -0.00191959\nf 3 8 1\nf 6 2 7\nf 7 8 6\nf 8 5 6\nf 5 4 6\nf 3 5 8\nf 13 9 11\nf 13 11 14\nf 15 10 13\nf 13 14 15\nf 14 12 15\nf 21 23 20\nf 20 23 17\nf 20 16 18\nf 20 18 21\nf 23 22 19\nf 23 21 22\nf 30 24 27\nf 30 27 31\nf 26 25 29\nf 29 30 26\nf 30 31 26\nf 28 26 32\nf 31 32 26\nf 38 33 35\nf 38 35 39\nf 41 34 37\nf 37 38 41\nf 38 39 41\nf 36 41 40\nf 39 40 41\nf 50 42 45\nf 50 45 47\nf 44 43 49\nf 49 50 44\nf 50 47 44\nf 46 44 48\nf 47 48 44\nf 52 54 53\nf 55 54 56\nf 54 52 51\nf 56 54 51\nf 66 57 59\nf 59 65 66\nf 65 60 58\nf 60 65 59\nf 63 64 59\nf 62 60 64\nf 64 60 59\nf 61 63 59\nf 72 67 73\nf 71 72 74\nf 71 74 75\nf 71 76 68\nf 73 74 72\nf 70 76 75\nf 75 76 71\nf 69 74 73\nf 82 77 83\nf 81 82 84\nf 81 84 85\nf 81 86 78\nf 83 84 82\nf 80 86 85\nf 85 86 81\nf 79 84 83\nf 94 87 89\nf 89 93 94\nf 93 90 88\nf 90 93 89\nf 95 96 89\nf 92 90 96\nf 96 90 89\nf 91 95 89\nf 103 97 101\nf 102 103 104\nf 102 104 105\nf 102 106 98\nf 101 104 103\nf 100 106 105\nf 105 106 102\nf 99 104 101\nf 115 114 107\nf 108 113 112\nf 108 112 110\nf 113 114 115\nf 111 115 109\nf 115 111 112\nf 115 112 113\nf 123 117 122\nf 119 123 122\nf 120 121 122\nf 125 123 124\nf 116 125 126\nf 117 125 116\nf 118 120 117\nf 117 120 122\nf 125 117 123\nf 129 135 127\nf 129 128 134\nf 134 135 129\nf 132 129 130\nf 129 132 133\nf 129 133 131\nf 128 129 131\nf 141 136 142\nf 140 141 143\nf 140 143 144\nf 140 145 137\nf 142 143 141\nf 139 145 144\nf 144 145 140\nf 138 143 142\nf 153 146 151\nf 151 152 153\nf 152 148 147\nf 148 152 151\nf 154 155 151\nf 150 148 155\nf 155 148 151\nf 149 154 151\nf 162 161 156\nf 162 157 160\nf 160 161 162\nf 163 162 158\nf 162 163 164\nf 162 164 159\nf 157 162 159\nf 172 165 167\nf 167 171 172\nf 171 168 166\nf 168 171 167\nf 173 174 167\nf 170 168 174\nf 174 168 167\nf 169 173 167\nf 182 175 183\nf 181 182 179\nf 181 179 180\nf 181 184 176\nf 183 179 182\nf 178 184 180\nf 180 184 181\nf 177 179 183\nf 185 190 194\nf 193 194 192\nf 194 191 192\nf 189 185 186\nf 189 187 188\nf 194 190 191\nf 190 185 189\nf 189 186 187\nf 202 195 197\nf 197 196 202\nf 196 197 199\nf 197 198 200\nf 197 201 199\nf 197 200 201\nf 207 208 210\nf 207 210 211\nf 204 207 212\nf 207 211 212\nf 209 208 203\nf 210 209 205\nf 211 206 212\nf 210 208 209\nf 215 222 219\nf 214 218 222\nf 219 222 218\nf 215 219 213\nf 220 215 216\nf 220 221 222\nf 221 217 222\nf 220 222 215\nf 230 223 225\nf 230 226 229\nf 229 226 224\nf 225 226 230\nf 231 232 225\nf 228 226 232\nf 232 226 225\nf 227 231 225\nf 239 233 237\nf 238 239 240\nf 238 240 241\nf 238 242 234\nf 237 240 239\nf 236 242 241\nf 241 242 238\nf 235 240 237\nf 250 249 243\nf 246 244 248\nf 248 249 250\nf 247 250 245\nf 247 246 248\nf 250 247 248\nf 255 257 258\nf 256 257 255\nf 251 254 255\nf 259 255 258\nf 259 260 253\nf 259 253 251\nf 252 253 260\nf 255 259 251\nf 266 263 262\nf 264 266 265\nf 261 265 262\nf 266 262 265\nf 271 268 267\nf 272 268 271\nf 271 270 272\nf 268 272 269\nf 274 273 278\nf 276 278 277\nf 276 275 274\nf 278 276 274\nf 283 279 280\nf 284 283 280\nf 282 283 284\nf 281 284 280\n", "TemplateID": 1}], "AdditionalGeometry": []}